rank_by_scr,gemeentenaam,insured_years,actual_cost,expected_cost,actual_cost_per_insured_year,expected_cost_per_insured_year,scr,percentage_difference,euro_gap,euro_gap_per_insured_year,absolute_scr_deviation,rank_by_positive_euro_gap,small_population_caution_flag,population_size_quartile
1,HEERLEN,85434.42,357132375.91,287314205.692224,4180.1931342192065,3362.979530875542,1.2430028478736845,24.300284787368454,69818170.217776,817.2136033436641,0.24300284787368454,3,False,Q4 - largest
2,BRUNSSUM,27259.22,116206193.58,95319681.07748385,4263.005088920372,3496.78681479088,1.2191206712655474,21.912067126554735,20886512.50251615,766.2182741294927,0.21912067126554735,20,False,Q2
3,KERKRADE,42638.07,180330185.38,149011685.68493757,4229.323357741098,3494.8037208283013,1.2101747896556287,21.017478965562873,31318499.69506243,734.5196369127972,0.21017478965562875,12,False,Q3
4,STADSKANAAL,31379.16,129771565.73,109301498.56519887,4135.597183927167,3483.2512586442363,1.1872807549165545,18.72807549165545,20470067.164801136,652.3459252829309,0.1872807549165545,21,False,Q2
5,EMMEN,107229.08,423680516.95,358872173.6091109,3951.171799198501,3346.7803100531205,1.1805889341854612,18.05889341854612,64808343.340889096,604.3914891453801,0.18058893418546118,4,False,Q4 - largest
6,ALBRANDSWAARD,26075.78,94164617.13,79805963.34580468,3611.1908111665307,3060.5398322046235,1.179919559669724,17.991955966972405,14358653.784195319,550.6509789619072,0.17991955966972406,30,False,Q2
7,VEENDAM,27261.27,106374346.2,90304800.44321191,3902.0319376169928,3312.5676259107486,1.1779478574551905,17.79478574551905,16069545.75678809,589.4643117062444,0.17794785745519048,26,False,Q2
8,LANDGRAAF,36228.58,148474361.4,126704233.25629784,4098.266103722531,3497.3557687410835,1.1718184750754574,17.181847507545744,21770128.143702164,600.9103349814474,0.17181847507545744,19,False,Q3
9,PEKELA,12060.29,46449530.49,39799290.2733734,3851.4439113818985,3300.0276339435786,1.1670944424120988,16.70944424120988,6650240.216626599,551.4162774383202,0.1670944424120988,52,True,Q1 - smallest
10,SITTARD-GELEEN,90763.16,357654861.84,311361142.22942704,3940.528974971783,3430.4793071266695,1.1486817503272817,14.868175032728171,46293719.610572934,510.04966784511396,0.1486817503272817,8,False,Q4 - largest
11,MAASTRICHT,110576.28,421907563.0,370701827.0967442,3815.53406390593,3352.453411317004,1.138131868149364,13.813186814936396,51205735.90325582,463.0806525889261,0.13813186814936396,6,False,Q4 - largest
12,ALMELO,73041.08,261776596.35999998,230163179.03878132,3583.9639331729486,3151.146985214092,1.1373521927062538,13.735219270625375,31613417.32121867,432.8169479588564,0.13735219270625376,11,False,Q4 - largest
13,WESTERWOLDE,24441.21,99597603.21,88135959.39572541,4074.9865988631495,3606.0391198195757,1.130045033750781,13.004503375078102,11461643.81427458,468.94747904357354,0.13004503375078103,37,False,Q2
14,OLDAMBT,38721.41,149886259.07999998,132947079.18131523,3870.888458865521,3433.425569505739,1.1274129526048695,12.74129526048695,16939179.898684755,437.4628893597819,0.1274129526048695,24,False,Q3
15,MIDDEN-GRONINGEN,60461.75,225719664.45,200749926.20667183,3733.263831265221,3320.2797836098334,1.1243823034715432,12.438230347154322,24969738.243328154,412.984047655388,0.12438230347154322,14,False,Q4 - largest
16,TIEL,41709.63,143496261.19,129191436.72398311,3440.362841626742,3097.4006895765588,1.1107257944392945,11.072579443929452,14304824.466016889,342.96215205018336,0.11072579443929453,31,False,Q3
17,ENSCHEDE,154665.35,517655487.5,469392595.91826284,3346.9389717865056,3034.8917577095503,1.102819882549109,10.281988254910889,48262891.58173716,312.0472140769549,0.1028198825491089,7,False,Q4 - largest
18,ROTTERDAM,644996.28,2054652559.9499998,1876751668.4411535,3185.526217220973,2909.709290790256,1.0947919186647705,9.479191866477056,177900891.50884628,275.8169264307172,0.09479191866477055,1,False,Q4 - largest
19,HOOGEVEEN,55374.85,196891712.03,180376879.16728055,3555.6161692537316,3257.379102016178,1.0915573710941282,9.15573710941282,16514832.862719446,298.2370672375536,0.0915573710941282,25,False,Q4 - largest
20,EEMSDELTA,44123.96,166191079.37,152499934.18291682,3766.4588439024965,3456.17061983822,1.0897780399738486,8.977803997384859,13691145.187083185,310.28822406427673,0.08977803997384859,33,False,Q3
21,NISSEWAARD,86569.73,297858742.78,273475210.8404725,3440.680048095333,3159.016562030083,1.0891617630153367,8.916176301533675,24383531.939527452,281.66348606524997,0.08916176301533674,15,False,Q4 - largest
22,GOES,38884.41,142842079.18,131500624.38426554,3673.5051188895495,3381.834117690497,1.0862463950178134,8.624639501781338,11341454.795734465,291.6710011990529,0.0862463950178134,39,False,Q3
23,ZUTPHEN,48043.2,172649306.05,160306186.07190812,3593.6262790571823,3336.709171577,1.0769971532636624,7.699715326366241,12343119.978091896,256.9171074801823,0.07699715326366241,36,False,Q3
24,S GRAVENHAGE,534713.97,1661822755.69,1545204050.1801255,3107.872337223582,2889.7768468254635,1.0754713951832318,7.547139518323176,116618705.50987458,218.09549039811807,0.07547139518323176,2,False,Q4 - largest
25,TWENTERAND,35124.04,117181838.08999999,109105690.41588938,3336.228921559137,3106.296724861075,1.0740213241245797,7.4021324124579735,8076147.674110606,229.93219669806226,0.07402132412457973,48,False,Q3
26,RUCPHEN,23672.7,83886795.60000001,78147089.07518348,3543.609119365345,3301.148118937995,1.07344747696609,7.344747696609,5739706.524816528,242.46100042734997,0.07344747696609,53,False,Q2
27,WESTERVOORT,14952.26,51984119.66,48455164.71263041,3476.673068820365,3240.65824916303,1.072829283901902,7.282928390190202,3528954.947369583,236.01481965733493,0.07282928390190202,70,True,Q1 - smallest
28,ARNHEM,162096.39,507788223.54999995,474295194.3902745,3132.631291480334,2926.0071392723457,1.0706164210724969,7.061642107249688,33493029.159725428,206.62415220798826,0.07061642107249688,10,False,Q4 - largest
29,VENLO,100829.66,353005386.56,331004797.67249596,3501.0074075425823,3282.81180034224,1.0664660725228277,6.646607252282766,22000588.88750404,218.19560720034204,0.06646607252282766,18,False,Q4 - largest
30,HELMOND,94430.97,304268786.31,285363536.91984445,3222.1292051749547,3021.9274134306197,1.066249702376887,6.62497023768871,18905249.390155554,200.20179174433508,0.0662497023768871,22,False,Q4 - largest
31,ECHT-SUSTEREN,31330.07,117754323.16999999,110496392.33313411,3758.5081415394216,3526.8479238359223,1.0656847765217894,6.568477652178939,7257930.836865872,231.66021770349928,0.06568477652178939,49,False,Q2
32,VALKENBURG AAN DE GEUL,16043.960000000001,64938893.24,60937823.6432049,4047.5601559714682,3798.1784823201315,1.0656582292833698,6.565822928336984,4001069.5967951044,249.38167365133697,0.06565822928336984,66,True,Q1 - smallest
33,HULST,23784.81,91786362.14999999,86290564.21905659,3859.032809175267,3627.969456937288,1.0636894425326946,6.36894425326946,5495797.9309434,231.06335223797876,0.0636894425326946,56,False,Q2
34,DORDRECHT,119540.24,396380330.88,373778932.6264665,3315.873641210692,3126.80426797258,1.060467287695211,6.046728769521104,22601398.253533483,189.06937323811198,0.060467287695211036,17,False,Q4 - largest
35,LELYSTAD,82309.65,258600806.30999997,243972292.1696081,3141.804227207867,2964.0788433629364,1.0599597356335129,5.995973563351287,14628514.140391886,177.72538384493055,0.05995973563351287,29,False,Q4 - largest
36,ROERMOND,59046.25,202570018.06,191833214.9054843,3430.700816055211,3248.8636434233213,1.0559694688941417,5.596946889414167,10736803.154515713,181.83717263188964,0.05596946889414167,40,False,Q4 - largest
37,STEIN,24413.6,92517027.21000001,87681392.2555323,3789.569224120982,3591.497864122141,1.055150070386372,5.51500703863721,4835634.954467714,198.0713599988414,0.055150070386372096,60,False,Q2
38,GRONINGEN,227462.64,686073708.6,650264651.5693606,3016.2039295771824,2858.775628249811,1.0550684355119369,5.506843551193685,35809057.03063941,157.42830132737143,0.05506843551193685,9,False,Q4 - largest
39,COEVORDEN,35074.73,127888414.11000001,121235190.98465978,3646.1695958885502,3456.4825156076686,1.0548786459715487,5.487864597154868,6653223.125340238,189.68708028088136,0.05487864597154868,51,False,Q3
40,ASSEN,67822.35,229212686.32,217815912.66535538,3379.604014310916,3211.565400864986,1.052322961693594,5.232296169359407,11396773.654644608,168.03861344593054,0.05232296169359407,38,False,Q4 - largest
41,NIEUWEGEIN,64822.51,214411880.10999998,203842183.54206774,3307.676301179945,3144.620341638541,1.0518523515803633,5.185235158036328,10569696.567932248,163.05595954140387,0.051852351580363276,41,False,Q4 - largest
42,MEPPEL,34735.79,115522188.7,110019366.3127467,3325.739495200771,3167.320113138256,1.0500168522295492,5.001685222954921,5502822.387253299,158.41938206251533,0.050016852229549214,55,False,Q3
43,ZWOLLE,130718.96,403522990.72,384805020.8963879,3086.9507431821676,2943.758280332003,1.048642738028754,4.864273802875396,18717969.823612154,143.1924628501646,0.04864273802875396,23,False,Q4 - largest
44,TERNEUZEN,50598.49,186480411.05,177891930.9984978,3685.4935997101893,3515.755727068097,1.0482791996427017,4.8279199642701665,8588480.051502198,169.73787264209264,0.048279199642701665,46,False,Q3
45,NIJMEGEN,180366.25,552920090.14,527490996.43998903,3065.540754658923,2924.554878975357,1.0482076355267307,4.8207635526730686,25429093.700010955,140.98587568356584,0.048207635526730686,13,False,Q4 - largest
46,ZEVENAAR,44438.39,156669756.43,149961780.71073464,3525.549787694829,3374.599770845313,1.0447312354352778,4.473123543527779,6707975.719265372,150.95001684951617,0.044731235435277794,50,False,Q3
47,VLAARDINGEN,74608.93,247457957.75,237393056.9789706,3316.7337710110573,3181.8316785801726,1.0423976206343768,4.23976206343768,10064900.771029413,134.9020924308848,0.0423976206343768,43,False,Q4 - largest
48,CAPELLE AAN DEN IJSSEL,66639.05,222629259.28,213792969.7741405,3340.822825055279,3208.2235532190284,1.0413310574019086,4.133105740190857,8836289.505859494,132.59927183625058,0.041331057401908566,45,False,Q4 - largest
49,DEVENTER,101212.28,325467456.11,312747805.0503241,3215.6913776668207,3090.018375737846,1.0406706325488975,4.067063254889747,12719651.059675932,125.67300192897474,0.04067063254889747,35,False,Q4 - largest
50,LEEUWARDEN,124696.39,398850774.38,383568664.0918062,3198.5751502509415,3076.020597643654,1.039841915460894,3.9841915460893995,15282110.288193822,122.55455260728736,0.039841915460893995,27,False,Q4 - largest
51,BEEKDAELEN,35145.16,129200277.95,124417316.00592071,3676.189778336476,3540.0981530862487,1.0384428960342762,3.8442896034276197,4782961.944079295,136.09162525022776,0.0384428960342762,61,False,Q3
52,HENGELO,81315.23,267268416.66,257660411.60717803,3286.818676648889,3168.661167252162,1.0372894112560453,3.7289411256045346,9608005.052821964,118.15750939672635,0.037289411256045346,44,False,Q4 - largest
53,MEERSSEN,18186.9,67852803.78,65465184.750781685,3730.8614321297196,3599.5790789404286,1.0364715846798218,3.647158467982181,2387619.029218316,131.28235318929097,0.03647158467982181,77,True,Q1 - smallest
54,ZOETERMEER,126169.11,406287392.99,392248268.942612,3220.1811758044423,3108.908899671338,1.0357914238480477,3.5791423848047677,14039124.047388017,111.27227613310434,0.035791423848047677,32,False,Q4 - largest
55,TYNAARLO,34240.78,121352221.94,117306115.93311542,3544.084624824551,3425.918332850929,1.0344918589683043,3.449185896830431,4046106.006884575,118.16629197362253,0.03449185896830431,64,False,Q3
56,GORINCHEM,37910.06,121935193.88,117913714.73379245,3216.433682246876,3110.354210301763,1.0341052705810059,3.4105270581005875,4021479.146207541,106.07947194511276,0.034105270581005875,65,False,Q3
57,EINDHOVEN,234365.86,715639703.17,692507634.6118785,3053.515145806646,2954.8144708955415,1.0334033408470449,3.3403340847044882,23132068.558121443,98.70067491110456,0.03340334084704488,16,False,Q4 - largest
58,WEERT,50098.85,175137780.57999998,169514761.58782312,3495.8443273647995,3383.605843004842,1.033171264493468,3.317126449346808,5623018.992176861,112.23848435995758,0.03317126449346808,54,False,Q3
59,SIMPELVELD,9813.77,36393038.4,35269944.63854814,3708.3647161080803,3593.9241126038355,1.031842799101657,3.1842799101656993,1123093.7614518553,114.44060350424508,0.03184279910165699,88,True,Q1 - smallest
60,RENKUM,31049.15,117100136.63,113545059.29375783,3771.4441983113866,3656.945819571802,1.0313098373311398,3.130983733113979,3555077.336242169,114.49837873958447,0.03130983733113979,69,False,Q2
61,BEESEL,13181.81,46226402.19,44866009.05962347,3506.8326876202887,3403.630386086848,1.0303212422698143,3.0321242269814253,1360393.1303765252,103.2023015334408,0.030321242269814253,86,True,Q1 - smallest
62,PURMEREND,93626.73,308670700.25,300102204.3463125,3296.822395164287,3205.3047708310705,1.0285519259092133,2.8551925909213294,8568495.903687477,91.51762433321635,0.028551925909213294,47,False,Q4 - largest
63,APELDOORN,164760.79,548063811.42,533015959.7330532,3326.4213616601373,3235.089851979061,1.0282315217999909,2.823152179999089,15047851.68694675,91.33150968107611,0.02823152179999089,28,False,Q4 - largest
64,SLIEDRECHT,25800.41,83367364.31,81089670.67434222,3231.241841118029,3142.960544981348,1.028088579182977,2.8088579182977025,2277693.6356577873,88.28129613668106,0.028088579182977025,78,False,Q2
65,NEDER-BETUWE,23737.78,72538227.16,70576612.04626934,3055.8134400099757,2973.1766006033145,1.0277941240994204,2.779412409942039,1961615.1137306541,82.63683940666121,0.027794124099420392,79,False,Q2
66,BEVERWIJK,42140.74,133743164.37,130240055.17926064,3173.7260515596076,3090.597250529076,1.0268973257567937,2.689732575679371,3503109.1907393634,83.12880103053159,0.02689732575679371,71,False,Q3
67,HARDENBERG,62016.28,197894050.84,192867304.19971243,3191.0016344095457,3109.946359241677,1.0260632389774185,2.606323897741847,5026746.640287578,81.05527516786847,0.026063238977418468,59,False,Q4 - largest
68,BERGEN OP ZOOM,68101.95,228441257.42000002,223001314.16806337,3354.4011209664336,3274.521715869566,1.024394220600139,2.439422060013907,5439943.251936644,79.87940509686793,0.02439422060013907,57,False,Q4 - largest
69,GOEREE-OVERFLAKKEE,51079.77,171666567.41,167833917.33182472,3360.754510249361,3285.721868595429,1.0228359686713249,2.283596867132487,3832650.0781752765,75.0326416539322,0.02283596867132487,67,False,Q3
70,AMSTERDAM,881623.72,2531571310.95,2476333721.590365,2871.487294999277,2808.8329129692256,1.0223061976170804,2.2306197617080414,55237589.359634876,62.65438203005119,0.022306197617080414,5,False,Q4 - largest
71,ALMERE,219708.43,621382834.51,608096158.6558663,2828.215715300501,2767.741586683161,1.021849629643283,2.1849629643283075,13286675.854133725,60.47412861733947,0.021849629643283075,34,False,Q4 - largest
72,VLISSINGEN,44086.69,152520902.22,149411999.01350337,3459.568006126112,3389.050051466857,1.02080758725553,2.0807587255530002,3108903.206496626,70.51795465925488,0.020807587255530002,73,False,Q3
73,VOORNE AAN ZEE,73524.81999999999,250633476.15,245576735.0877125,3408.8281501403203,3340.0521767712253,1.0205912871204246,2.0591287120424573,5056741.062287509,68.77597336909508,0.020591287120424573,58,False,Q4 - largest
74,VENRAY,43939.14,147546301.6,144597027.99825117,3357.9697190249967,3290.8479318951436,1.0203965022143089,2.0396502214308887,2949273.601748824,67.12178712985335,0.020396502214308887,74,False,Q3
75,RIJSWIJK,57644.88,186853066.2,183210666.1342871,3241.451213013194,3178.264333871232,1.0198809389353083,1.988093893530829,3642400.065712899,63.186879141961946,0.01988093893530829,68,False,Q4 - largest
76,ZWIJNDRECHT,44372.08,149008609.0,146152918.13214183,3358.161460990785,3293.8036290419973,1.0195390615825832,1.9539061582583228,2855690.8678581715,64.35783194878788,0.019539061582583228,75,False,Q3
77,BORGER-ODOORN,25627.55,90011101.05,88394252.94245486,3512.2788190833694,3449.188585817016,1.0182913261182005,1.8291326118200502,1616848.1075451374,63.09023326635349,0.0182913261182005,81,False,Q2
78,CRANENDONCK,20288.28,70824784.38,69637727.24959292,3490.9210825166056,3432.4115819375975,1.0170461785197624,1.7046178519762423,1187057.13040708,58.50950057900818,0.017046178519762423,87,True,Q1 - smallest
79,ZANDVOORT,17104.8,61476162.25,60460461.402707264,3594.088340699687,3534.7072986943585,1.016799422692584,1.6799422692584054,1015700.8472927362,59.381042005328105,0.016799422692584054,91,True,Q1 - smallest
80,BUREN,28157.19,91438873.31,90039919.0237804,3247.4431329972917,3197.759400841505,1.015537045139391,1.5537045139391026,1398954.2862195969,49.68373215578674,0.015537045139391026,84,False,Q2
81,OSS,93196.55,299442724.75,295060399.0488949,3213.0237090321475,3166.0013063669726,1.0148523004619774,1.4852300461977386,4382325.701105118,47.02240266517503,0.014852300461977386,63,False,Q4 - largest
82,DEN HELDER,54479.41,186939042.79,184398332.702567,3431.3705451288843,3384.734392361573,1.0137783788508061,1.3778378850806128,2540710.0874329805,46.63615276731118,0.013778378850806128,76,False,Q4 - largest
83,GOUDA,74347.99,236890618.85000002,233679960.55775774,3186.2410651585874,3143.0568675462205,1.0137395533813809,1.3739553381380887,3210658.2922422886,43.184197612367036,0.013739553381380887,72,False,Q4 - largest
84,MIDDEN-DRENTHE,33627.88,116029747.63,114557512.06114666,3450.4032853096896,3406.6230776708694,1.0128514974039198,1.2851497403919776,1472235.5688533336,43.780207638820336,0.012851497403919776,83,False,Q3
85,ROERDALEN,20416.36,74253275.42,73323756.27188134,3636.9497510819756,3591.421598751263,1.0126769166690266,1.2676916669026594,929519.1481186599,45.528152330712224,0.012676916669026594,92,True,Q1 - smallest
86,BEUNINGEN,26306.63,85638149.83,84580274.91488798,3255.3827620641637,3215.169518668411,1.0125073477968303,1.250734779683027,1057874.9151120186,40.21324339575303,0.01250734779683027,90,False,Q2
87,DOESBURG,10897.85,39314880.339999996,38836582.05389665,3607.5813431089614,3563.692109351537,1.0123156637584525,1.23156637584525,478298.28610334545,43.88923375742421,0.0123156637584525,95,True,Q1 - smallest
88,UTRECHT,360761.14,959208826.94,949074471.3117542,2658.8474217040116,2630.755827281603,1.0106781458511245,1.0678145851124476,10134355.62824583,28.09159442240877,0.010678145851124476,42,False,Q4 - largest
89,ZAANSTAD,158039.12,489928920.53000003,485420095.61194164,3100.0483964350096,3071.5185936997223,1.0092885007415575,0.9288500741557515,4508824.918058395,28.529802735287284,0.009288500741557515,62,False,Q4 - largest
90,KATWIJK,65288.340000000004,201547157.63,199728694.3398016,3087.0314305739735,3059.178627298559,1.009104667189706,0.9104667189705928,1818463.2901983857,27.852803275414654,0.009104667189705928,80,False,Q4 - largest
91,BEEK,15553.21,56110211.83,55640749.88180872,3607.6290251337186,3577.4447771108808,1.0084373763687315,0.8437376368731542,469461.9481912777,30.184248022837583,0.008437376368731542,96,True,Q1 - smallest
92,SMALLINGERLAND,55471.58,181584700.0,180187531.02913535,3273.4726503193165,3248.28553701076,1.007753971447884,0.7753971447884034,1397168.9708646536,25.187113308556444,0.007753971447884034,85,False,Q4 - largest
93,VELSEN,68308.84,222832748.82000002,221343278.26624286,3262.1363328670204,3240.331387068539,1.0067292332770348,0.6729233277034785,1489470.553757161,21.804945798481732,0.006729233277034785,82,False,Q4 - largest
94,WIJCHEN,41060.74,134962441.03,134164116.10434507,3286.8974360910206,3267.454899847033,1.0059503610118374,0.5950361011837435,798324.9256549329,19.44253624398715,0.005950361011837435,93,False,Q3
95,RIDDERKERK,47241.47,159569073.41,158785814.75578827,3377.733025877476,3361.1531299891444,1.0049327999192899,0.4932799919289854,783258.6542117298,16.579895888331368,0.004932799919289854,94,False,Q3
96,GEERTRUIDENBERG,21753.13,71234538.24000001,70899027.58494401,3274.6799306582548,3259.2563729883473,1.0047322321121264,0.47322321121263666,335510.65505599976,15.423557669907721,0.004732232112126367,97,True,Q1 - smallest
97,HATTEM,12484.4,41254920.95,41067699.4488305,3304.5177141072063,3289.5212784619607,1.0045588504757317,0.45588504757316795,187221.50116950274,14.996435645245485,0.0045588504757316795,100,True,Q1 - smallest
98,ALBLASSERDAM,19494.28,61786026.87,61583661.32581815,3169.443902006127,3159.063136767203,1.0032860265178323,0.32860265178322745,202365.54418184608,10.38076523892373,0.0032860265178322745,99,True,Q1 - smallest
99,BORNE,24073.21,78573172.50999999,78319471.31585765,3263.925854092578,3253.3871185378957,1.003239311883493,0.32393118834930235,253701.1941423416,10.538735554682638,0.0032393118834930235,98,False,Q2
100,LEIDEN,123308.2,360772011.78000003,359664069.74254996,2925.7746993306205,2916.7895544866437,1.0030804912991258,0.3080491299125798,1107942.0374500751,8.985144843976922,0.0030804912991257982,89,False,Q4 - largest
101,PEEL EN MAAS,44356.32,148681985.95,148551380.54205728,3351.991011652905,3349.0465516989975,1.0008791934983448,0.08791934983447547,130605.4079427123,2.944459953907635,0.0008791934983447547,101,False,Q3
102,SLUIS,21180.81,79007402.64,78987133.29852873,3730.140756656615,3729.1837894078994,1.0002566157375867,0.02566157375867295,20269.341471269727,0.9569672487156877,0.0002566157375867295,103,True,Q1 - smallest
103,VEENENDAAL,68274.72,206461507.88,206437151.06482294,3023.9817589878066,3023.625011788008,1.0001179865884189,0.011798658841888354,24356.815177053213,0.35674719979888914,0.00011798658841888354,102,False,Q4 - largest
104,BAARLE-NASSAU,6844.42,24385327.9,24386084.48148595,3562.8041382615324,3562.9146781591357,0.999968974868166,-0.0031025131833950503,-756.581485953182,-0.11053989760318361,3.10251318339505e-05,104,True,Q1 - smallest
105,TILBURG,222212.98,662494383.82,662741844.229525,2981.3487214833267,2982.4623396415677,0.9996266111583575,-0.037338884164250796,-247460.4095249176,-1.1136181582413305,0.00037338884164250796,110,False,Q4 - largest
106,BUNSCHOTEN,22322.17,65824214.61,65854431.579961464,2948.8268662948094,2950.1805415854046,0.9995411551016916,-0.04588448983083859,-30216.969961464405,-1.353675290595153,0.00045884489830838593,105,True,Q1 - smallest
107,BERGEN LB,12879.89,44137123.89,44190572.98191397,3426.824599433691,3430.974409091535,0.9987904865606553,-0.12095134393447227,-53449.091913968325,-4.149809657843997,0.0012095134393447227,106,True,Q1 - smallest
108,VAALS,7360.12,28464249.16,28521476.80848272,3867.3621027918025,3875.1374717372437,0.9979935243582583,-0.2006475641741723,-57227.6484827213,-7.775368945441284,0.002006475641741723,107,True,Q1 - smallest
109,SCHIEDAM,79828.83,239496784.2,240019936.6511158,3000.1289534119437,3006.682380928241,0.9978203791801001,-0.21796208198998634,-523152.45111581683,-6.553427516297268,0.0021796208198998634,118,False,Q4 - largest
110,BERG EN DAL,34853.64,121313784.48,121616296.81591733,3480.6632673086656,3489.3427721155476,0.9975125674450093,-0.24874325549907317,-302512.3359173238,-8.679504806881686,0.0024874325549907317,113,False,Q3
111,DELFT,101492.86,293736067.16,294515959.5144538,2894.154989424872,2901.83919848602,0.997351952146364,-0.26480478536360375,-779892.3544538021,-7.6842090611477705,0.0026480478536360375,123,False,Q4 - largest
112,LOSSER,22960.82,76925767.5,77180633.96049695,3350.305759985924,3361.4058191517965,0.9966977926013487,-0.330220739865128,-254866.46049694717,-11.100059165872437,0.00330220739865128,111,False,Q2
113,EPE,32848.82,113613438.75,114003249.533231,3458.6764075543656,3470.5432199156926,0.9965807046305519,-0.3419295369448072,-389810.7832310051,-11.866812361326984,0.003419295369448072,116,False,Q3
114,STEENWIJKERLAND,44624.14,147307603.07,147890241.37056512,3301.074330396059,3314.130902479356,0.9960603330201807,-0.39396669798192896,-582638.3005651236,-13.056572083296698,0.00393966697981929,119,False,Q3
115,UITGEEST,13294.68,41334218.980000004,41580714.947548896,3109.0796453919916,3127.6205931657546,0.9940718679835152,-0.5928132016484788,-246495.9675488919,-18.54094777376303,0.005928132016484788,109,True,Q1 - smallest
116,GULPEN-WITTEM,13753.73,50965336.89,51271077.7714264,3705.5647369840763,3727.7944071481993,0.9940367767810648,-0.5963223218935165,-305740.88142640144,-22.229670164122854,0.005963223218935165,114,True,Q1 - smallest
117,HILVERSUM,91315.07,280070608.57,282058354.21263367,3067.0798212168042,3088.8478124435937,0.9929527148799316,-0.7047285120068358,-1987745.6426336765,-21.76799122678958,0.007047285120068358,149,False,Q4 - largest
118,VOERENDAAL,12154.05,43626281.49,43938873.267811075,3589.443970528343,3615.1631158182727,0.9928857579959823,-0.7114242004017668,-312591.77781107277,-25.719145289929923,0.007114242004017668,115,True,Q1 - smallest
119,NOARDEAST-FRYSLAN,45306.98,145654943.59,146711879.03350422,3214.845562206971,3238.1738759348827,0.9927958427738299,-0.7204157226170071,-1056935.4435042143,-23.328313727911553,0.0072041572261700715,126,False,Q3
120,OVERBETUWE,48162.48,151540904.23,152704764.4675009,3146.4514333564216,3170.6167221351743,0.9923783632975735,-0.7621636702426549,-1163860.237500906,-24.165288778752796,0.0076216367024265486,129,False,Q3
121,CULEMBORG,29608.78,91675253.09,92388084.4105325,3096.2185233569235,3120.2935213991427,0.992284380338865,-0.7715619661134987,-712831.3205325007,-24.07499804221926,0.007715619661134987,122,False,Q2
122,NEDERWEERT,17169.55,57958690.79,58426062.90592514,3375.667433916439,3402.8884219985466,0.9920006227926451,-0.7999377207354885,-467372.1159251407,-27.220988082107027,0.007999377207354885,117,True,Q1 - smallest
123,ZEIST,65460.63,209110610.26,211046858.12862775,3194.4484839207935,3224.0272989830337,0.9908255072556084,-0.9174492744391638,-1936247.8686277568,-29.57881506224057,0.009174492744391638,147,False,Q4 - largest
124,MOERDIJK,37464.19,122367048.61,123567598.01051731,3266.240338040139,3298.285589799681,0.990284270149727,-0.9715729850273025,-1200549.4005173147,-32.04525175954197,0.009715729850273025,131,False,Q3
125,DANTUMADIEL,18914.36,61708649.9,62397219.51354789,3262.5290995835967,3298.9336944812244,0.9889647388310566,-1.1035261168943378,-688569.6135478914,-36.40459489762759,0.011035261168943378,121,True,Q1 - smallest
126,ZWARTEWATERLAND,23018.12,67190172.99,67972942.5285636,2919.0121951749315,2953.0188620340673,0.9884841010342509,-1.1515898965749116,-782769.5385636091,-34.00666685913572,0.011515898965749116,124,False,Q2
127,HUIZEN,40679.84,137209774.58,138863767.2718384,3372.9182459911353,3413.577026651,0.9880890982267495,-1.1910901773250493,-1653992.6918383837,-40.65878065986454,0.011910901773250493,142,False,Q3
128,MAASSLUIS,35443.93,113744194.97,115128640.03741957,3209.1304482883247,3248.190593916069,0.9879747987384407,-1.202520126155926,-1384445.0674195737,-39.06014562774426,0.01202520126155926,136,False,Q3
129,HEERENVEEN,51175.75,166672987.26999998,168792129.78985518,3256.8743451732507,3298.2834602298,0.9874452527941112,-1.2554747205888783,-2119142.5198552012,-41.40911505654927,0.012554747205888783,156,False,Q4 - largest
130,RHEDEN,42914.59,149749684.45,151763343.8769651,3489.4818859972797,3536.404376156573,0.9867315823734248,-1.3268417626575157,-2013659.4269651175,-46.92249015929355,0.013268417626575157,150,False,Q3
131,EIJSDEN-MARGRATEN,25491.170000000002,88296798.81,89487889.16664398,3463.8189934004595,3510.544599037391,0.9866899267852219,-1.3310073214778062,-1191090.3566439748,-46.72560563693133,0.013310073214778062,130,False,Q2
132,OEGSTGEEST,24863.3,78231292.82,79366613.21163554,3146.4565371451095,3192.1190353507195,0.9856952395258677,-1.4304760474132316,-1135320.391635552,-45.66249820561036,0.014304760474132316,128,False,Q2
133,VIJFHEERENLANDEN,60674.99,186516994.05,189463527.75036317,3074.0341951436667,3122.5967692843983,0.9844480162733721,-1.5551983726627916,-2946533.700363159,-48.562574140731776,0.015551983726627916,179,False,Q4 - largest
134,LEIDSCHENDAM-VOORBURG,75733.05,247441289.07,251471425.26343778,3267.282765846615,3320.4977914323767,0.9839737807617073,-1.6026219238292727,-4030136.193437785,-53.21502558576189,0.016026219238292727,203,False,Q4 - largest
135,STEENBERGEN,24012.38,79026642.99000001,80317133.7987532,3291.0791429254414,3344.8218709995926,0.9839325589980998,-1.6067441001900162,-1290490.8087531924,-53.74272807415143,0.016067441001900162,132,False,Q2
136,VELDHOVEN,46013.56,147416857.28,149944283.8467289,3203.7698730548127,3258.697737074221,0.9831442286301998,-1.685577136980021,-2527426.56672889,-54.92786401940841,0.01685577136980021,164,False,Q3
137,HARDERWIJK,48602.31,147644723.07,150196295.06607315,3037.812874943598,3090.3118610221027,0.9830117514220261,-1.6988248577973875,-2551571.9960731566,-52.49898607850443,0.016988248577973875,166,False,Q3
138,HELLENDOORN,35838.8,115454137.97999999,117499958.01168804,3221.4844799491048,3278.5684233760066,0.9825887594659009,-1.7411240534099148,-2045820.0316880494,-57.083943426901826,0.01741124053409915,152,False,Q3
139,ROOSENDAAL,75943.53,244337046.6,248698174.45711648,3217.351716466169,3274.7776467214057,0.9824641742279114,-1.7535825772088565,-4361127.857116491,-57.42593025523689,0.017535825772088565,210,False,Q4 - largest
140,GEMERT-BAKEL,31044.69,96851438.84,98598385.3751289,3119.74250153569,3176.0144931429145,0.9822821993637885,-1.7717800636211534,-1746946.5351288915,-56.27199160722466,0.017717800636211534,145,False,Q2
141,MAASGOUW,23941.75,84619359.18,86162783.3341657,3534.384879133731,3598.8506827682063,0.9820871135490153,-1.7912886450984655,-1543424.1541657,-64.46580363447535,0.017912886450984655,141,False,Q2
142,WESTERKWARTIER,64123.200000000004,202830397.58999997,206613011.61136565,3163.1359256868022,3222.1257144273154,0.9816922758549173,-1.8307724145082749,-3782614.0213656723,-58.98978874051314,0.01830772414508275,199,False,Q4 - largest
143,OLST-WIJHE,18603.3,60362826.24,61495260.26515519,3244.7375594652563,3305.610309200797,0.9815850193938142,-1.841498060618585,-1132434.0251551867,-60.87274973554083,0.01841498060618585,127,True,Q1 - smallest
144,HEEMSKERK,39041.67,128191061.14,130608109.2828226,3283.4420540924607,3345.3514996367367,0.9814938891919135,-1.8506110808086507,-2417048.1428225935,-61.90944554427599,0.018506110808086507,160,False,Q3
145,THOLEN,26016.31,79902282.86,81416246.23747873,3071.2381140907373,3129.430969936887,0.9814046526652342,-1.8595347334765755,-1513963.3774787337,-58.19285584614934,0.018595347334765755,138,False,Q2
146,DUIVEN,24557.45,77789434.36,79305057.65030283,3167.6511347880173,3229.3685887705287,0.9808886931652455,-1.9111306834754482,-1515623.290302828,-61.717453982511536,0.019111306834754482,139,False,Q2
147,NOORDOOSTPOLDER,48619.5,144692089.37,147569937.69473723,2976.0094071308836,3035.2006436663733,0.9804984106540023,-1.950158934599766,-2877848.324737221,-59.19123653548928,0.01950158934599766,178,False,Q3
148,AMERSFOORT,159336.01,457684776.15,466799125.08531374,2872.4503403216886,2929.6524061655223,0.9804747943054778,-1.9525205694522207,-9114348.935313761,-57.2020658438338,0.019525205694522207,292,False,Q4 - largest
149,WAADHOEKE,46055.77,149183996.87,152195120.07163265,3239.2031849646637,3304.5831189367295,0.9802153761551919,-1.9784623844808058,-3011123.2016326487,-65.3799339720658,0.019784623844808058,184,False,Q3
150,HET HOGELAND,47500.1,157712967.49,160933448.07617992,3320.266009755769,3388.0654583080864,0.9799887430196894,-2.0011256980310588,-3220480.586179912,-67.79944855231699,0.020011256980310588,190,False,Q3
151,GELDROP-MIERLO,40118.96,129491042.71000001,132184778.47487852,3227.6769564814244,3294.8206652136178,0.9796214375364676,-2.0378562463532424,-2693735.7648785114,-67.14370873219325,0.020378562463532424,170,False,Q3
152,WEST MAAS EN WAAL,19946.83,64294882.5,65648938.839246884,3223.313303417134,3291.196588091786,0.9793742844410245,-2.062571555897552,-1354056.339246884,-67.88328467465176,0.02062571555897552,135,True,Q1 - smallest
153,S HERTOGENBOSCH,157810.7,476105426.53,486134526.96267474,3016.940084100761,3080.4915443799105,0.9793697014377158,-2.0630298562284155,-10029100.432674766,-63.55146027914942,0.020630298562284155,300,False,Q4 - largest
154,ACHTKARSPELEN,27865.15,86122656.71,88096205.68158288,3090.6941721110416,3161.519162164312,0.9775977982670885,-2.240220173291152,-1973548.9715828896,-70.82499005327047,0.02240220173291152,148,False,Q2
155,MONTFERLAND,36283.27,120303526.04,123176413.82465684,3315.674856207834,3394.8542627127285,0.9766766404748036,-2.3323359525196374,-2872887.7846568376,-79.17940650489435,0.023323359525196374,177,False,Q3
156,BRUMMEN,21057.75,72189678.84,73931729.13241345,3428.1762695444672,3510.903545365172,0.9764370411343499,-2.3562958865650074,-1742050.2924134433,-82.72727582070465,0.023562958865650074,143,True,Q1 - smallest
157,HARLINGEN,15818.98,53487075.12,54824674.39227918,3381.19620354789,3465.752810375838,0.9756022395553424,-2.439776044465758,-1337599.2722791806,-84.55660682794849,0.02439776044465758,134,True,Q1 - smallest
158,DINKELLAND,26347.04,85890128.72,88043955.5460842,3259.953631223849,3341.701972824431,0.9755369143432359,-2.446308565676414,-2153826.8260841966,-81.74834160058194,0.02446308565676414,157,False,Q2
159,DRUTEN,19310.18,60056747.43,61578429.44803152,3110.108110333513,3188.9101731848964,0.9752887166549817,-2.4711283345018265,-1521682.0180315226,-78.80206285138318,0.024711283345018265,140,True,Q1 - smallest
160,DEURNE,32849.63,105493974.3,108235601.47954555,3211.4204726202397,3294.880383113769,0.9746698208161788,-2.533017918382119,-2741627.1795455515,-83.45991049352921,0.02533017918382119,171,False,Q3
161,BARENDRECHT,48196.72,145069278.95000002,148872745.17703897,3009.940903654855,3088.8563615332946,0.9744515611469656,-2.554843885303437,-3803466.2270389497,-78.91545787843964,0.025548438853034372,200,False,Q3
162,KAMPEN,55050.47,159754358.84,164025456.5580136,2901.9617605444605,2979.5468877561552,0.9739607631178704,-2.6039236882129613,-4271097.718013585,-77.58512721169473,0.026039236882129613,207,False,Q4 - largest
163,LINGEWAARD,47950.25,152914602.38,157005809.1295933,3189.0261756716595,3274.348082222581,0.9739423224384238,-2.6057677561576176,-4091206.7495933175,-85.32190655092137,0.026057677561576176,205,False,Q3
164,REIMERSWAAL,22431.25,65193903.76,66940269.373290546,2906.3874621342993,2984.2415992550814,0.9739115837202269,-2.6088416279773097,-1746365.6132905483,-77.85413712078231,0.026088416279773097,144,True,Q1 - smallest
165,DOETINCHEM,58870.91,185283596.46,190277102.91289082,3147.2860952888277,3232.107383984566,0.9737566613299927,-2.6243338670007277,-4993506.452890813,-84.82128869573806,0.026243338670007277,227,False,Q4 - largest
166,VALKENSWAARD,31257.18,105693899.66000001,108555285.70328687,3381.4278722520717,3472.971192643958,0.9736412094100341,-2.635879058996593,-2861386.04328686,-91.54332039188628,0.02635879058996593,175,False,Q2
167,LOON OP ZAND,23614.54,76763853.7,78870809.97032732,3250.702901686842,3339.9257394100123,0.9732859815802577,-2.6714018419742303,-2106956.2703273147,-89.22283772317033,0.026714018419742303,154,False,Q2
168,ZALTBOMMEL,29571.44,87885374.87,90323786.67535053,2971.96804991573,3054.426388277018,0.9730036583373671,-2.6996341662632872,-2438411.805350527,-82.45833836128803,0.026996341662632872,162,False,Q2
169,IJSSELSTEIN,33090.54,100611122.16000001,103409124.88900167,3040.479912385836,3125.0358830348996,0.9729424000831164,-2.7057599916883612,-2798002.729001656,-84.55597064906333,0.027057599916883612,174,False,Q3
170,HAARLEM,163455.02,477055261.11,491153658.2276928,2918.5721008140345,3004.82455802026,0.9712953433583977,-2.8704656641602266,-14098397.117692769,-86.25245720622573,0.028704656641602266,324,False,Q4 - largest
171,BORSELE,22674.55,71076232.64,73189826.77837218,3134.6259414189035,3227.8403222278803,0.9711217496828841,-2.8878250317115883,-2113594.138372183,-93.21438080897671,0.028878250317115883,155,False,Q2
172,BOEKEL,11116.11,33842347.61,34881380.959769964,3044.441590628376,3137.912539527763,0.9702123791782119,-2.9787620821788097,-1039033.3497699648,-93.470948899387,0.029787620821788097,125,True,Q1 - smallest
173,ALKMAAR,110578.37,338597009.3,349042053.64474744,3062.054625149566,3156.5129206077777,0.9700751120511732,-2.992488794882675,-10445044.344747424,-94.45829545821144,0.02992488794882675,302,False,Q4 - largest
174,BREDA,183258.41,549544972.72,567017145.335575,2998.7435377181328,3094.0852610015277,0.9691858125291176,-3.081418747088238,-17472172.615574956,-95.34172328339504,0.03081418747088238,330,False,Q4 - largest
175,STICHTSE VECHT,64885.34,202215498.79,209003250.63297188,3116.505188845431,3221.1166749372337,0.9675232235746812,-3.2476776425318765,-6787751.842971891,-104.61148609180273,0.032476776425318765,261,False,Q4 - largest
176,ELBURG,23515.77,71224505.17,73658038.75404286,3028.797490790223,3132.2826662296347,0.9669617379826138,-3.3038262017386244,-2433533.584042862,-103.48517543941202,0.033038262017386244,161,False,Q2
177,MIDDELBURG,48176.35,153168864.59,158409522.2428617,3179.337259672018,3288.1179716367405,0.9669170288587381,-3.3082971141261908,-5240657.652861685,-108.78071196472304,0.03308297114126191,235,False,Q3
178,DE WOLDEN,24360.03,80880140.42,83662818.65643236,3320.198719788112,3434.4300338067055,0.9667393678443988,-3.3260632155601155,-2782678.2364323586,-114.23131401859352,0.033260632155601155,172,False,Q2
179,WESTSTELLINGWERF,26245.89,86651908.88000001,89639226.50633891,3301.5420273421864,3415.3624246058685,0.9666739914793034,-3.332600852069656,-2987317.626338899,-113.82039726368201,0.03332600852069656,183,False,Q2
180,LAARBEEK,22973.26,73631390.51,76267662.89301182,3205.0910715327304,3319.845023867393,0.9654339429974408,-3.4566057002559214,-2636272.383011818,-114.75395233466291,0.034566057002559214,168,False,Q2
181,ETTEN-LEUR,44625.81,138189160.63,143161117.91276243,3096.6196609092362,3208.034048295425,0.965270197975178,-3.472980202482201,-4971957.282762438,-111.41438738618835,0.03472980202482201,225,False,Q3
182,DIEMEN,30661.3,86725003.11999999,89848826.79190874,2828.4842169118724,2930.3658615880195,0.9652324489540239,-3.4767551045976064,-3123823.671908751,-101.88164467614718,0.034767551045976064,188,False,Q2
183,LANDSMEER,11544.74,36427548.94,37755195.49034457,3155.337317254438,3270.3374428826087,0.9648353946231294,-3.5164605376870606,-1327646.5503445715,-115.00012562817105,0.035164605376870606,133,True,Q1 - smallest
184,HENDRIK-IDO-AMBACHT,32114.02,92145435.95,95504055.11587597,2869.321123608941,2973.9053259565753,0.9648327061945073,-3.516729380549266,-3358619.1658759713,-104.58420234763419,0.03516729380549266,193,False,Q3
185,NUNSPEET,28453.82,87295855.64,90479691.283572,3067.9836886576213,3179.878528913587,0.9648115991731939,-3.5188400826806077,-3183835.6435720026,-111.89484025596573,0.03518840082680608,189,False,Q2
186,WOENSDRECHT,19793.97,67180807.98,69631859.3751436,3394.0037284081973,3517.831914221533,0.9647998571754562,-3.5200142824543756,-2451051.3951435983,-123.82818581333599,0.035200142824543756,163,True,Q1 - smallest
187,WIERDEN,24572.420000000002,76688488.69,79650947.22296713,3120.9172189796523,3241.477527364709,0.9628069892919877,-3.7193010708012286,-2962458.5329671353,-120.5603083850567,0.037193010708012286,181,False,Q2
188,OOSTERHOUT,57075.55,181332638.94,188358438.72819826,3177.063364961003,3300.159853530947,0.9626998406037093,-3.730015939629072,-7025799.788198262,-123.09648856994392,0.03730015939629072,265,False,Q4 - largest
189,LEIDERDORP,27191.3,86567753.58,90019128.40372598,3183.6563010963064,3310.585680115551,0.9616595396453191,-3.834046035468086,-3451374.8237259835,-126.92937901924452,0.03834046035468086,195,False,Q2
190,WIJK BIJ DUURSTEDE,23690.57,73994892.89,77007856.03555399,3123.390145952588,3250.5699962286258,0.9608746003243757,-3.912539967562434,-3012963.145553991,-127.17985027603773,0.03912539967562434,185,False,Q2
191,LEUDAL,35276.53,118643214.32000001,123479250.23119165,3363.2336944705166,3500.3230258529297,0.9608352342427001,-3.916476575729988,-4836035.911191642,-137.08933138241323,0.03916476575729988,223,False,Q3
192,MAASHORST,58424.95,182930907.9,190511647.2361768,3131.040897767136,3260.7926448576645,0.9602085255880499,-3.979147441195008,-7580739.336176783,-129.75174709052868,0.03979147441195008,273,False,Q4 - largest
193,RIJSSEN-HOLTEN,38109.16,112415224.64,117083617.23447613,2949.821634483678,3072.3221722671433,0.9601277044154946,-3.9872295584505446,-4668392.594476134,-122.50053778346553,0.039872295584505446,218,False,Q3
194,HOORN,74614.07,223624202.73,233005546.24134007,2997.0782016046032,3122.809762841513,0.959737681515859,-4.026231848414097,-9381343.511340082,-125.73156123690988,0.04026231848414097,296,False,Q4 - largest
195,BEST,30702.25,93282363.71000001,97196009.76401936,3038.2907998599453,3165.7617850163865,0.9597344987358923,-4.026550126410767,-3913646.054019347,-127.4709851564412,0.04026550126410766,201,False,Q2
196,WEST BETUWE,51943.11,156644190.0,163245083.9893085,3015.6875473956025,3142.7668460611717,0.9595645159535657,-4.043548404643427,-6600893.989308506,-127.07929866556904,0.04043548404643427,258,False,Q4 - largest
197,HOF VAN TWENTE,34971.33,116237562.88000001,121228046.633115,3323.7958888037715,3466.4980323343434,0.9588339176311386,-4.116608236886144,-4990483.753114983,-142.70214353057156,0.041166082368861434,226,False,Q3
198,TUBBERGEN,21174.11,64586439.57,67377721.000382,3050.2552206444566,3182.0804274834695,0.9585726351538933,-4.142736484610666,-2791281.430382006,-131.82520683901262,0.04142736484610665,173,True,Q1 - smallest
199,WORMERLAND,16352.880000000001,52976594.9,55271770.87025088,3239.588066444565,3379.9410788956366,0.9584747162228844,-4.152528377711562,-2295175.970250882,-140.35301245107175,0.04152528377711562,158,True,Q1 - smallest
200,HALDERBERGE,30681.31,99049086.42,103380596.7275214,3228.3199908999973,3369.4974799811807,0.9581013222535569,-4.189867774644307,-4331510.307521403,-141.17748908118338,0.04189867774644307,208,False,Q2
201,WAALWIJK,49403.83,152714365.95999998,159437472.05963778,3091.144268774303,3227.2289832516585,0.957832333812198,-4.216766618780198,-6723106.099637806,-136.08471447735542,0.04216766618780199,260,False,Q3
202,OLDENZAAL,31448.0,100968846.04,105484227.13880633,3210.6603294327147,3354.242786148764,0.9571937793802617,-4.280622061973826,-4515381.098806322,-143.5824567160494,0.04280622061973827,213,False,Q2
203,ALPHEN AAN DEN RIJN,113165.34,337862706.04,353155291.37890834,2985.56701230253,3120.701898469163,0.9566972781883069,-4.330272181169315,-15292585.338908315,-135.13488616663295,0.043302721811693146,327,False,Q4 - largest
204,WOERDEN,53031.61,157979903.8,165153836.02067018,2978.976195518107,3114.2527262640183,0.9565621217555473,-4.343787824445267,-7173932.220670164,-135.27653074591103,0.043437878244452666,267,False,Q4 - largest
205,VUGHT,31880.25,100551783.68,105129384.24901934,3154.046272535504,3297.633621098308,0.9564574585714647,-4.354254142853531,-4577600.5690193325,-143.587348562804,0.04354254142853531,216,False,Q2
206,OLDEBROEK,23887.89,71042625.18,74287491.78899716,2974.001687884531,3109.8389932722043,0.9563201485087998,-4.367985149120024,-3244866.6089971513,-135.83730538767347,0.04367985149120024,191,False,Q2
207,URK,20941.42,50571782.08,52885247.689934306,2414.916566307347,2525.3897629642265,0.9562549914959625,-4.37450085040375,-2313465.6099343076,-110.47319665687942,0.04374500850403751,159,True,Q1 - smallest
208,HAARLEMMERMEER,158915.73,457318222.11,478673891.76339805,2877.7404358272147,3012.124046898303,0.9553857646701277,-4.461423532987229,-21355669.653398037,-134.383611071088,0.0446142353298723,338,False,Q4 - largest
209,BERKELLAND,43454.64,143854185.45,150574717.2942334,3310.444763781267,3465.1010178483452,0.9553674616496138,-4.463253835038616,-6720531.8442334235,-154.6562540670783,0.044632538350386164,259,False,Q3
210,KRIMPENERWAARD,56721.25,175057006.02,183377611.95803902,3086.268479978844,3232.9614026143468,0.9546258354594401,-4.537416454055987,-8320605.938039005,-146.69292263550264,0.04537416454055987,281,False,Q4 - largest
211,GOOISE MEREN,59286.840000000004,181380780.72,190680333.53813076,3059.376764219513,3216.233712880139,0.9512296174147865,-4.877038258521349,-9299552.818130761,-156.85694866062622,0.04877038258521349,294,False,Q4 - largest
212,TYTSJERKSTERADIEL,31826.72,102017556.1,107248278.52560665,3205.4059010793444,3369.7559322986044,0.9512279124894507,-4.877208751054929,-5230722.425606653,-164.3500312192602,0.04877208751054929,234,False,Q2
213,VLIELAND,1123.5,3451781.7399999998,3628957.951858066,3072.346898086337,3230.047131159827,0.9511771108377406,-4.88228891622594,-177176.21185806626,-157.7002330734902,0.04882288916225941,108,True,Q1 - smallest
214,NOORD-BEVELAND,7727.5,26916378.45,28304897.186032895,3483.1935878356517,3662.8789629288767,0.950944222587812,-4.905577741218803,-1388518.7360328957,-179.68537509322493,0.04905577741218803,137,True,Q1 - smallest
215,BUNNIK,15875.41,49381060.52,51935138.21905994,3110.5376503661955,3271.420279480022,0.9508217791144223,-4.917822088557767,-2554077.6990599334,-160.88262911382657,0.04917822088557766,167,True,Q1 - smallest
216,EDAM-VOLENDAM,36567.73,111650384.84,117437668.44069263,3053.2489941267886,3211.5110355685906,0.9507203806279987,-4.9279619372001315,-5787283.60069263,-158.2620414418021,0.049279619372001315,243,False,Q3
217,DE RONDE VENEN,45161.63,139657498.74,146941513.20495582,3092.3927843171296,3253.680462927397,0.9504291584720788,-4.957084152792124,-7284014.464955807,-161.28767861026733,0.04957084152792124,269,False,Q3
218,PAPENDRECHT,31902.15,99315905.79,104590632.76494355,3113.141458804501,3278.4822579338243,0.9495678835140242,-5.043211648597579,-5274726.974943548,-165.34079912932353,0.050432116485975786,236,False,Q2
219,HOUTEN,50162.61,142647493.49,150277036.54124007,2843.701583510109,2995.7977972286544,0.9492301470215224,-5.076985297847758,-7629543.051240057,-152.09621371854567,0.05076985297847758,274,False,Q3
220,MAASDRIEL,25429.45,76045373.5,80136177.13372815,2990.445074510066,3151.313816607443,0.9489518494636752,-5.104815053632484,-4090803.6337281466,-160.86874209737712,0.05104815053632483,204,False,Q2
221,HEERDE,18978.26,60981066.64,64288438.634990595,3213.206407752871,3387.478021430342,0.9485541713997939,-5.144582860020607,-3307371.9949905947,-174.2716136774707,0.05144582860020608,192,True,Q1 - smallest
222,DONGEN,26654.16,82640670.45,87207787.55885659,3100.4792666510593,3271.826520095047,0.9476294808445377,-5.237051915546232,-4567117.108856589,-171.3472534439873,0.052370519155462314,215,False,Q2
223,HOEKSCHE WAARD,89003.16,278645396.40999997,294243207.4936776,3130.7359919580376,3305.9860739065625,0.9469900725439421,-5.300992745605793,-15597811.08367765,-175.25008194852464,0.053009927456057926,328,False,Q4 - largest
224,ALTENA,56904.56,169129176.72,178632820.4474849,2972.155073688295,3139.165304985838,0.9467978857206768,-5.320211427932319,-9503643.727484912,-167.010231297543,0.0532021142793232,297,False,Q4 - largest
225,WINTERSWIJK,28391.87,91355831.22,96537991.47547472,3217.675736751401,3400.1984186133113,0.9463199909561902,-5.368000904380976,-5182160.255474716,-182.52268186191034,0.05368000904380976,230,False,Q2
226,NIJKERK,44724.6,130483992.94,137964862.10774398,2917.499383784316,3084.7645838698163,0.94577699674065,-5.422300325935003,-7480869.167743981,-167.26520008550062,0.05422300325935003,271,False,Q3
227,HEILOO,24078.43,80590327.11,85393236.36581217,3346.9926033383404,3546.461973052735,0.9437553902367958,-5.624460976320423,-4802909.255812168,-199.4693697143945,0.05624460976320422,220,False,Q2
228,ERMELO,27359.05,86539286.84,91728055.57833946,3163.0954598204253,3352.750025250857,0.9434331328008143,-5.656686719918569,-5188768.738339454,-189.65456543043177,0.05656686719918569,232,False,Q2
229,SOEST,47082.29,147035342.8,155903929.8336159,3122.943739567468,3311.3072841957323,0.9431150514096686,-5.688494859033144,-8868587.033615887,-188.3635446282644,0.05688494859033144,288,False,Q3
230,SUDWEST-FRYSLAN,88740.66,279360788.81,296757264.10295373,3148.058497761905,3344.095751631256,0.9413780978688414,-5.862190213115859,-17396475.29295373,-196.03725386935062,0.05862190213115859,329,False,Q4 - largest
231,HEUSDEN,45353.12,137603232.81,146220188.68436128,3034.04115990256,3224.0381408018075,0.9410686311384654,-5.89313688615346,-8616955.874361277,-189.99698089924743,0.058931368861534605,287,False,Q3
232,LAREN,11398.86,41716325.15,44365206.67707977,3659.692736817541,3892.0740036354305,0.9402937183103838,-5.970628168961623,-2648881.5270797685,-232.38126681788953,0.059706281689616225,169,True,Q1 - smallest
233,OOST GELRE,29641.09,93071486.72,99021402.53466563,3139.9481840917456,3340.680202201256,0.9399128303340011,-6.008716966599891,-5949915.81466563,-200.7320181095105,0.06008716966599892,247,False,Q2
234,SCHOUWEN-DUIVELAND,33923.270000000004,114768524.12,122152949.06441988,3383.179867978529,3600.8600899742232,0.939547714558037,-6.045228544196302,-7384424.944419876,-217.68022199569424,0.060452285441963016,270,False,Q3
235,VOORST,25162.3,80025563.06,85213178.99286212,3180.375524494979,3386.5417307981434,0.9391219058580521,-6.087809414194789,-5187615.932862118,-206.16620630316459,0.06087809414194789,231,False,Q2
236,LAND VAN CUIJK,90174.4,283156092.59,301570058.54692876,3140.0940021780016,3344.297922103488,0.9389396744303669,-6.1060325569633145,-18413965.95692879,-204.2039199254865,0.061060325569633145,332,False,Q4 - largest
237,KAPELLE,12711.76,38503806.49,41031358.2677317,3028.9909886593205,3227.8266949448143,0.9383995099250848,-6.160049007491519,-2527551.7777316943,-198.83570628549424,0.06160049007491519,165,True,Q1 - smallest
238,UITHOORN,30881.1,89572508.25,95457540.68927641,2900.5608041811984,3091.131491082779,0.9383492137259982,-6.165078627400177,-5885032.439276412,-190.57068690158098,0.06165078627400178,246,False,Q2
239,OOSTSTELLINGWERF,25567.31,82309774.06,87793271.59773806,3219.3364910113733,3433.8094855398576,0.9375407996769615,-6.245920032303854,-5483497.537738055,-214.472994528484,0.06245920032303853,239,False,Q2
240,DRONTEN,42752.26,123293838.02,131535747.98349278,2883.9139268894787,3076.696950839389,0.9373409123386967,-6.265908766130335,-8241909.963492781,-192.78302394991002,0.06265908766130335,280,False,Q3
241,SON EN BREUGEL,17704.11,54854243.59,58560200.529759526,3098.3903506022048,3307.717842340537,0.9367154329009477,-6.328456709905228,-3705956.9397595227,-209.3274917383321,0.06328456709905228,198,True,Q1 - smallest
242,DE BILT,43191.81,136855743.16,146401382.18068856,3168.5577233276404,3389.563488556941,0.9347981632515782,-6.520183674842183,-9545639.020688564,-221.00576522930075,0.06520183674842184,298,False,Q3
243,OMMEN,18607.42,57507852.26,61535541.3123751,3090.587102349493,3307.0431748396663,0.9345469469110673,-6.545305308893267,-4027689.0523751006,-216.4560724901733,0.06545305308893268,202,True,Q1 - smallest
244,WADDINXVEEN,33291.22,93486296.35,100046970.02753481,2808.136690394644,3005.2058779322238,0.9344240642597252,-6.557593574027476,-6560673.677534819,-197.06918753757952,0.06557593574027476,257,False,Q3
245,LOPIK,14541.04,41379402.89,44332352.61909911,2845.6976179145367,3048.7745456376647,0.9333906378831127,-6.660936211688728,-2952949.72909911,-203.07692772312777,0.06660936211688728,180,True,Q1 - smallest
246,OUDE IJSSELSTREEK,38955.34,124354021.38,133260581.65231873,3192.220152102382,3420.8553089850775,0.9331643299024744,-6.683567009752556,-8906560.272318736,-228.63515688269533,0.06683567009752556,290,False,Q3
247,ZEEWOLDE,23028.34,62962091.559999995,67500848.90437761,2734.1133386079932,2931.207759846242,0.9327599960882379,-6.72400039117621,-4538757.344377615,-197.0944212382488,0.0672400039117621,214,False,Q2
248,BLADEL,20695.5,64066683.92,68692499.45934376,3095.6818593414027,3319.199799924803,0.9326590883174721,-6.734091168252787,-4625815.539343759,-223.51794058340022,0.06734091168252787,217,True,Q1 - smallest
249,DE FRYSKE MARREN,51101.25,161251887.67,172908376.34792453,3155.5370498764705,3383.642794411576,0.9325857490300559,-6.741425096994414,-11656488.677924544,-228.10574453510517,0.06741425096994413,315,False,Q3
250,DALFSEN,29234.23,88536160.19,94956373.78986058,3028.5100784251886,3248.122963726446,0.9323877550961605,-6.761224490383954,-6420213.599860579,-219.61288530125742,0.06761224490383955,253,False,Q2
251,EDE,121764.66,347608660.81,373325049.54829675,2854.7581934692707,3065.9556684862155,0.931115287416657,-6.888471258334306,-25716388.738296747,-211.19747501694454,0.06888471258334306,341,False,Q4 - largest
252,MEIERIJSTAD,82964.87,249280127.43,267968898.80749607,3004.6467550663315,3229.9080177850706,0.9302576849005088,-6.974231509949124,-18688771.377496064,-225.26126271873946,0.06974231509949125,333,False,Q4 - largest
253,KRIMPEN AAN DEN IJSSEL,29037.45,91031129.65,97876250.37249982,3134.9560533035788,3370.690276608305,0.9300635169773209,-6.993648302267907,-6845120.722499818,-235.73422330472604,0.06993648302267907,262,False,Q2
254,REUSEL-DE MIERDEN,13366.42,39665683.41,42650963.05304244,2967.562250026559,3190.904000700445,0.9300067471083869,-6.999325289161307,-2985279.643042445,-223.34175067388614,0.06999325289161307,182,True,Q1 - smallest
255,LEUSDEN,31157.6,95406565.23,102650336.7203262,3062.063998189848,3294.552106719587,0.929432559874966,-7.056744012503402,-7243771.490326196,-232.488108529739,0.07056744012503402,268,False,Q2
256,AALTEN,26813.65,83131714.99,89476203.2604207,3100.3505673416335,3336.9646900149996,0.929093009769815,-7.090699023018498,-6344488.2704207,-236.61412267336598,0.07090699023018499,251,False,Q2
257,DIJK EN WAARD,88112.92,252492778.76,272065457.7950333,2865.55908895086,3087.6908607163773,0.9280589340754208,-7.194106592457916,-19572679.035033286,-222.13177176551733,0.07194106592457916,336,False,Q4 - largest
258,GILZE EN RIJEN,26064.38,78985150.53,85118962.96916604,3030.386701314207,3265.7198432944133,0.9279383556236701,-7.206164437632989,-6133812.439166039,-235.3331419802059,0.07206164437632989,248,False,Q2
259,MOOK EN MIDDELAAR,7954.54,26619672.490000002,28711488.066482678,3346.475407754566,3609.4466891212664,0.9271436028798303,-7.285639712016967,-2091815.576482676,-262.9712813667008,0.07285639712016967,153,True,Q1 - smallest
260,WASSENAAR,25187.5,82591188.26,89132116.09848757,3279.054620744417,3538.7440634635263,0.9266153646429746,-7.3384635357025445,-6540927.8384875655,-259.6894427191093,0.07338463535702544,256,False,Q2
261,NOORDENVELD,31225.4,103816039.17,112323937.85991031,3324.7304812748594,3597.1977255666957,0.9242556942713199,-7.574430572868007,-8507898.689910308,-272.4672442918364,0.07574430572868007,284,False,Q2
262,HAAKSBERGEN,24063.63,76441890.77,82754334.17566778,3176.656671084121,3438.9796624893156,0.9237206912659346,-7.627930873406541,-6312443.405667782,-262.32299140519456,0.07627930873406541,250,False,Q2
263,PIJNACKER-NOOTDORP,56946.92,153803222.78,166778036.24039543,2700.8172308528715,2928.657708624021,0.9222031044801763,-7.779689551982372,-12974813.460395426,-227.84047777114944,0.07779689551982372,318,False,Q4 - largest
264,UTRECHTSE HEUVELRUG,49648.44,157879291.85,171579301.8042319,3179.944663920961,3455.8850550839443,0.920153481159031,-7.984651884096905,-13700009.954231918,-275.94039116298353,0.07984651884096905,322,False,Q3
265,PUTTEN,24663.2,72924343.69,79269286.74210735,2956.8078631321155,3214.071440125667,0.9199571068079643,-8.004289319203572,-6344943.052107349,-257.26357699355106,0.08004289319203572,252,False,Q2
266,HILLEGOM,22413.47,66385182.20999999,72168803.73899177,2961.8431331694733,3219.8853519330905,0.9198598115896582,-8.014018841034176,-5783621.528991774,-258.0422187636173,0.08014018841034176,242,True,Q1 - smallest
267,WOUDENBERG,14301.13,40311563.269999996,43833858.44055441,2818.767696678514,3065.062581806781,0.9196444188153959,-8.035558118460406,-3522295.1705544144,-246.2948851282671,0.08035558118460406,196,True,Q1 - smallest
268,BOXTEL,33473.43,101180489.58,110053587.3608618,3022.7105372828537,3287.7893708789866,0.9193747519400052,-8.062524805999482,-8873097.780861795,-265.07883359613265,0.08062524805999483,289,False,Q3
269,HORST AAN DE MAAS,42974.35,131300275.98,142830460.06929588,3055.3173225424007,3323.6211849462734,0.9192736333433228,-8.072636665667721,-11530184.089295879,-268.303862403873,0.0807263666566772,313,False,Q3
270,SCHIERMONNIKOOG,923.2,3130210.35,3406209.313294673,3390.6091312824956,3689.568146982964,0.9189718135590114,-8.102818644098864,-275998.9632946728,-298.95901570046874,0.08102818644098864,112,True,Q1 - smallest
271,AMSTELVEEN,88255.9,255189089.38,277726511.69998425,2891.467758869379,3146.8322423768186,0.9188503028319801,-8.11496971680199,-22537422.319984257,-255.36448350743981,0.0811496971680199,339,False,Q4 - largest
272,BERGEIJK,18899.77,57887754.47,63026704.41496052,3062.8814250120504,3334.7868474039906,0.9184639274310414,-8.153607256895857,-5138949.94496052,-271.9054223919402,0.08153607256895856,229,True,Q1 - smallest
273,STEDE BROEC,21924.47,65415007.29,71228648.40813439,2983.6528449718508,3248.819625201174,0.9183805779266975,-8.161942207330252,-5813641.118134387,-265.1667802293231,0.08161942207330253,244,True,Q1 - smallest
274,GOIRLE,24110.63,72748855.21000001,79286141.37328616,3017.2938330520606,3288.4309274907437,0.9175481862270478,-8.245181377295218,-6537286.1632861495,-271.1370944386832,0.08245181377295219,255,False,Q2
275,VOORSCHOTEN,24806.39,77055389.11,83992081.48914546,3106.27177553848,3385.905062733653,0.9174125434664706,-8.258745653352939,-6936692.379145458,-279.6332871951726,0.08258745653352939,263,False,Q2
276,RAALTE,37948.88,116440354.28,126950267.86492938,3068.34758443464,3345.296827335336,0.9172123559746124,-8.278764402538762,-10509913.584929377,-276.94924290069633,0.08278764402538763,304,False,Q3
277,AA EN HUNZE,25395.54,82970703.81,90522280.83438018,3267.1368204810765,3564.4952158678325,0.9165776982774377,-8.342230172256226,-7551577.024380177,-297.358395386756,0.08342230172256226,272,False,Q2
278,HEEZE-LEENDE,16639.23,52722701.91,57547988.14146387,3168.5782280790636,3458.5727910164032,0.9161519561795557,-8.38480438204443,-4825286.231463872,-289.99456293733977,0.0838480438204443,222,True,Q1 - smallest
279,ASTEN,17066.26,51683841.05,56432535.357319534,3028.4222231467234,3306.672660402428,0.9158518348103314,-8.41481651896686,-4748694.307319537,-278.25043725570436,0.08414816518966861,219,True,Q1 - smallest
280,TEYLINGEN,37710.66,110569019.25,120769299.25433153,2932.036173591234,3202.5241471332383,0.9155391306622516,-8.446086933774843,-10200280.00433153,-270.4879735420045,0.08446086933774843,301,False,Q3
281,CASTRICUM,36219.24,115075332.5,125855298.90340322,3177.1879393383188,3474.818878126742,0.9143463445931101,-8.565365540688985,-10779966.403403223,-297.6309387884236,0.08565365540688985,307,False,Q3
282,OPMEER,12068.22,35989126.81,39399252.5828099,2982.140432474715,3264.7111655911067,0.9134469425367283,-8.65530574632717,-3410125.7728099003,-282.5707331163917,0.08655305746327169,194,True,Q1 - smallest
283,WESTLAND,112923.91,323948899.35,355123974.32784617,2868.7361193036977,3144.8076348741924,0.9122135444759759,-8.77864555240241,-31175074.977846146,-276.07151557049474,0.08778645552402409,342,False,Q4 - largest
284,HEUMEN,16550.1,51911457.24,56907498.33492311,3136.6249895771025,3438.498760425805,0.9122076836778269,-8.77923163221731,-4996041.094923109,-301.8737708487024,0.0877923163221731,228,True,Q1 - smallest
285,NOORDWIJK,44434.7,133286712.78,146121422.07009548,2999.6087017578607,3288.4529898951832,0.9121640817050181,-8.783591829498194,-12834709.290095478,-288.8442881373224,0.08783591829498194,317,False,Q3
286,DRIMMELEN,27740.38,84410002.04,92560876.16176198,3042.856732315852,3336.6837859381153,0.9119403957724289,-8.805960422757108,-8150874.121761978,-293.8270536222639,0.08805960422757109,277,False,Q2
287,WESTERVELD,25263.25,85091886.18,93311353.21377213,3368.2082146992175,3693.5609319375826,0.9119135373062086,-8.808646269379139,-8219467.033772126,-325.3527172383651,0.08808646269379139,278,False,Q2
288,HARDINXVELD-GIESSENDAM,18293.13,50967914.53,55922326.20152444,2786.177900118788,3057.0124522990013,0.9114054795633774,-8.859452043662264,-4954411.671524435,-270.83455218021385,0.08859452043662264,224,True,Q1 - smallest
289,BRONCKHORST,35802.76,116161953.32,127485728.09360255,3244.4971650230314,3560.7793391795085,0.9111761375729178,-8.882386242708218,-11323774.77360256,-316.2821741564773,0.08882386242708218,309,False,Q3
290,GENNEP,17188.06,53701608.28,58977800.275122225,3124.3554118382176,3431.3238536008266,0.9105393559863268,-8.946064401367316,-5276191.995122224,-306.9684417626087,0.08946064401367315,237,True,Q1 - smallest
291,WATERLAND,17215.63,53913248.41,59215699.57455031,3131.645394911484,3439.647551355966,0.9104553150153242,-8.954468498467582,-5302451.164550312,-308.00215644448167,0.08954468498467583,238,True,Q1 - smallest
292,WIJDEMEREN,24364.4,75737606.03999999,83378715.30813849,3108.5356520168766,3422.153441420207,0.908356596285999,-9.164340371400105,-7641109.268138498,-313.61778940333016,0.09164340371400104,275,False,Q2
293,OUDER-AMSTEL,13958.53,40766691.28,44896149.5658597,2920.5576289193777,3216.395248343464,0.9080219946300283,-9.19780053699717,-4129458.2858596966,-295.83761942408665,0.0919780053699717,206,True,Q1 - smallest
294,EEMNES,9605.289999999999,28118960.11,30981786.05602982,2927.445200509303,3225.4920003487478,0.9075964845650775,-9.240351543492253,-2862825.9460298195,-298.0467998394447,0.09240351543492253,176,True,Q1 - smallest
295,HEEMSTEDE,27366.07,88093914.44,97119962.19393715,3219.092636977103,3548.9188690205483,0.9070628988105123,-9.293710118948773,-9026047.753937155,-329.82623204344486,0.09293710118948773,291,False,Q2
296,BODEGRAVEN-REEUWIJK,35780.38,102876934.08,113427211.40294348,2875.233132795124,3170.0952142750716,0.9069863642731704,-9.301363572682963,-10550277.322943479,-294.8620814799474,0.09301363572682964,305,False,Q3
297,OPSTERLAND,29734.88,89070191.82,98317934.99378325,2995.478435426677,3306.4850099877062,0.905940425067227,-9.405957493277295,-9247743.173783258,-311.00657456102925,0.09405957493277295,293,False,Q2
298,WAALRE,17730.08,54622796.879999995,60372562.0112741,3080.798105817909,3405.092476247941,0.9047619491417247,-9.52380508582753,-5749765.131274104,-324.2943704300321,0.0952380508582753,241,True,Q1 - smallest
299,ZUIDPLAS,47187.04,130234561.26,144023957.1497751,2759.9646271518623,3052.19308415563,0.9042562351245839,-9.574376487541613,-13789395.889775082,-292.228457003768,0.09574376487541614,323,False,Q3
300,RHENEN,19763.47,58181075.5,64344570.559355155,2943.869447015124,3255.7324477612055,0.9042111089440004,-9.578889105599963,-6163495.059355155,-311.86300074608124,0.09578889105599964,249,True,Q1 - smallest
301,ENKHUIZEN,18546.56,54548374.33,60380422.653705016,2941.158593830877,3255.61304380462,0.9034116015193684,-9.658839848063161,-5832048.323705018,-314.45444997374267,0.09658839848063161,245,True,Q1 - smallest
302,SCHERPENZEEL,10189.57,28428413.73,31507714.023522183,2789.952248230298,3092.1534494117204,0.9022683685898849,-9.773163141011509,-3079300.293522183,-302.20120118142205,0.0977316314101151,187,True,Q1 - smallest
303,BAARN,24797.51,76560938.4,84891305.47785898,3087.444602300796,3423.3802296222075,0.9018701970600315,-9.812980293996853,-8330367.07785897,-335.9356273214113,0.09812980293996854,282,False,Q2
304,BARNEVELD,60358.04,161383390.47,178990571.2420288,2673.767910124318,2965.4801786477624,0.9016306800416845,-9.836931995831556,-17607180.772028804,-291.7122685234445,0.09836931995831555,331,False,Q4 - largest
305,OISTERWIJK,32085.73,99836852.84,110820952.93364105,3111.5655726081345,3453.901561025448,0.9008842659905816,-9.911573400941842,-10984100.093641043,-342.33598841731333,0.09911573400941842,308,False,Q2
306,SOMEREN,19930.34,58140874.87,64581028.51315804,2917.2043663078503,3240.337521244396,0.9002779331418376,-9.972206685816243,-6440153.643158041,-323.133154936546,0.09972206685816243,254,True,Q1 - smallest
307,MONTFOORT,13648.98,38915230.78,43282236.010989726,2851.145710521959,3171.0967421001224,0.8991039827544745,-10.089601724552555,-4367005.230989724,-319.9510315781637,0.10089601724552555,211,True,Q1 - smallest
308,NUENEN CA,23922.91,74265535.33,82828996.65669665,3104.3687966890316,3462.3294848618602,0.8966127603574647,-10.338723964253527,-8563461.32669665,-357.96068817282884,0.10338723964253527,286,False,Q2
309,MOLENLANDEN,44269.35,122512578.74,136726467.22739086,2767.4356804425634,3088.513096022211,0.8960414265384943,-10.395857346150573,-14213888.48739086,-321.0774155796473,0.10395857346150572,325,False,Q3
310,EERSEL,19816.28,59425371.01,66417289.907642365,2998.815671256159,3351.65277779898,0.8947274285451109,-10.52725714548891,-6991918.897642367,-352.8371065428207,0.10527257145488911,264,True,Q1 - smallest
311,BLARICUM,12363.78,36728498.28,41086402.3244872,2970.6528488860204,3323.126286984013,0.8939331798858933,-10.606682011410673,-4357904.044487201,-352.4734380979927,0.10606682011410673,209,True,Q1 - smallest
312,LISSE,22931.47,68619393.81,76853113.11946243,2992.3678599758323,3351.4254916698505,0.8928642058173528,-10.713579418264718,-8233719.309462428,-359.0576316940182,0.10713579418264718,279,False,Q2
313,BERNHEZE,32410.59,93847547.57,105253875.80466464,2895.582819380949,3247.5149574464594,0.8916303257484496,-10.836967425155041,-11406328.234664649,-351.93213806551034,0.10836967425155042,311,False,Q3
314,ZUNDERT,22031.0,66054471.54000001,74088909.0110323,2998.251170623213,3362.9389955531888,0.8915568122370933,-10.844318776290674,-8034437.471032292,-364.6878249299756,0.10844318776290673,276,True,Q1 - smallest
315,WAGENINGEN,38134.090000000004,101573966.12,113990658.70527256,2663.6001047881305,2989.206211693331,0.8910727183586472,-10.89272816413528,-12416692.58527255,-325.6061069052008,0.10892728164135279,316,False,Q3
316,LOCHEM,33963.18,110110808.64,123733698.396103,3242.064160069817,3643.1717641311266,0.8899015390900815,-11.009846090991848,-13622889.756102994,-401.10760406130976,0.11009846090991848,321,False,Q3
317,ROZENDAAL,1744.54,5190261.4,5838235.157965261,2975.1461130154657,3346.5756921396246,0.8890120489440696,-11.098795105593041,-647973.7579652602,-371.4295791241589,0.1109879510559304,120,True,Q1 - smallest
318,BLOEMENDAAL,23482.47,74140866.92,83498416.27331033,3157.285708019642,3555.7765547368026,0.8879314150979722,-11.206858490202777,-9357549.353310332,-398.490846717161,0.11206858490202776,295,False,Q2
319,SCHAGEN,50792.34,152629046.59,171999923.20040622,3004.961901538697,3386.3358766382144,0.8873785740715932,-11.262142592840686,-19370876.61040622,-381.3739750995174,0.11262142592840685,335,False,Q3
320,STAPHORST,17082.45,43383805.76,48945899.12802679,2539.6711689482477,2865.2739582452627,0.8863624232649575,-11.36375767350425,-5562093.368026793,-325.6027892970149,0.11363757673504249,240,True,Q1 - smallest
321,SINT-MICHIELSGESTEL,29881.93,86191516.54,97697195.96067743,2884.402598493471,3269.4406271843027,0.8822312216073387,-11.776877839266131,-11505679.420677423,-385.03802869083165,0.11776877839266131,312,False,Q2
322,ZOETERWOUDE,9548.97,27120426.0,30812978.62672618,2840.1415021724856,3226.8379340102842,0.880162425338413,-11.983757466158696,-3692552.6267261803,-386.6964318377983,0.11983757466158695,197,True,Q1 - smallest
323,HOLLANDS KROON,48567.34,138061728.56,157417492.1320736,2842.686640034229,3241.221201986224,0.8770418502421949,-12.295814975780505,-19355763.57207361,-398.5345619519951,0.12295814975780506,334,False,Q3
324,LANSINGERLAND,64866.63,166056950.95,189746833.61620885,2559.9749971595566,2925.1840833446854,0.8751500501234968,-12.484994987650321,-23689882.666208863,-365.20908618512885,0.12484994987650322,340,False,Q4 - largest
325,KAAG EN BRAASSEM,28641.08,80543103.97,92122355.78829719,2812.1531719474265,3216.441411716918,0.874305734810918,-12.5694265189082,-11579251.818297192,-404.28823976949167,0.125694265189082,314,False,Q2
326,RENSWOUDE,5418.21,13572153.219999999,15593762.883582223,2504.914578800009,2878.0285156135,0.870357804035185,-12.964219596481497,-2021609.6635822244,-373.11393681349085,0.12964219596481497,151,True,Q1 - smallest
327,AALSMEER,32264.44,87682821.57000001,100803151.06003714,2717.6303562064,3124.280200122399,0.8698420698949895,-13.015793010501053,-13120329.490037128,-406.64984391599944,0.13015793010501053,319,False,Q3
328,OIRSCHOT,19038.6,55759272.65,64245397.96641938,2928.748576576009,3374.4812100899953,0.8679107673851594,-13.208923261484063,-8486125.316419378,-445.73263351398623,0.13208923261484062,283,True,Q1 - smallest
329,BERGEN NH,29355.42,99260635.03999999,114474972.51428688,3381.3392906659146,3899.619644831751,0.8670946396393493,-13.29053603606507,-15214337.474286884,-518.2803541658367,0.1329053603606507,326,False,Q2
330,MEDEMBLIK,45175.909999999996,126879272.95,146508482.5950088,2808.5604241287006,3243.066550181475,0.8660199785204962,-13.398002147950383,-19629209.645008788,-434.50612605277433,0.13398002147950383,337,False,Q3
331,VEERE,21596.25,66478373.11000001,77037422.24071552,3078.2368749204147,3567.1666257204615,0.8629361052902043,-13.706389470979573,-10559049.130715512,-488.92975080004686,0.13706389470979574,306,True,Q1 - smallest
332,ALPHEN-CHAAM,10334.16,30187061.68,35001113.5119784,2921.0948620884524,3386.9335787309665,0.8624600377262028,-13.753996227379716,-4814051.831978403,-465.83871664251404,0.13753996227379717,221,True,Q1 - smallest
333,MIDDEN-DELFLAND,19175.55,52732573.57,61252529.04013866,2749.990147349098,3194.303633540559,0.8609044295206888,-13.90955704793112,-8519955.470138662,-444.3134861914606,0.1390955704793112,285,True,Q1 - smallest
334,OOSTZAAN,9585.02,26851083.540000003,31259487.640837763,2801.359156266758,3261.285593649023,0.8589738849373024,-14.102611506269758,-4408404.10083776,-459.9264373822652,0.14102611506269758,212,True,Q1 - smallest
335,NIEUWKOOP,29101.91,80836723.93,94410521.40425768,2777.7119759493453,3244.134883389361,0.8562257969518476,-14.377420304815235,-13573797.474257678,-466.42290744001605,0.14377420304815236,320,False,Q2
336,AMELAND,3737.07,10709523.76,12517933.263190236,2865.7541228823648,3349.6651823996435,0.8555344987732139,-14.446550122678614,-1808409.5031902362,-483.91105951727855,0.14446550122678614,146,True,Q1 - smallest
337,TEXEL,13488.22,40560736.61,47702875.23483666,3007.1230014041885,3536.632352885456,0.8502786553289168,-14.972134467108322,-7142138.624836661,-529.5093514812675,0.14972134467108322,266,True,Q1 - smallest
338,KOGGENLAND,23176.58,63207026.449999996,74597380.47381113,2727.1938504300456,3218.65350598799,0.8473089275861376,-15.269107241386237,-11390354.02381114,-491.4596555579442,0.15269107241386237,310,False,Q2
339,OUDEWATER,10072.37,27898599.11,33103217.228020664,2769.814761570514,3286.537054141246,0.8427760636626235,-15.722393633737653,-5204618.118020665,-516.7222925707321,0.15722393633737652,233,True,Q1 - smallest
340,DRECHTERLAND,20115.29,54866117.24,65369188.404666945,2727.58271145979,3249.7263725587322,0.8393268844084794,-16.067311559152063,-10503071.164666943,-522.1436610989423,0.16067311559152064,303,True,Q1 - smallest
341,HILVARENBEEK,15835.29,43370495.81,53163513.18558009,2738.850744760595,3357.2806804030797,0.8157943900096445,-18.42056099903555,-9793017.375580087,-618.429935642485,0.1842056099903555,299,True,Q1 - smallest
342,TERSCHELLING,4776.29,13209503.28,16239689.039353246,2765.640964011817,3400.0634465983526,0.813408634117915,-18.659136588208504,-3030185.7593532465,-634.4224825865361,0.18659136588208503,186,True,Q1 - smallest
